{
  "fitness_scores": [
    7.342118339184726,
    2.1666601856024386,
    2.180781283039172,
    4.133660623676038,
    5.944725910822603,
    6.014140115968507,
    7.342303882168828,
    5.77760848685834,
    6.091068501582583,
    7.966580838890844,
    -5.9295200033357105,
    -6.079002085260241,
    4.154259533423264,
    3.9257252794563193,
    4.002942382662042,
    7.961389217430953,
    4.036725336814835,
    3.7339931400874153,
    5.43584823842202,
    5.174071850399576,
    5.443487535530942,
    7.326748424881467,
    5.225760407083879,
    5.152526050113097,
    7.3307542441234865,
    4.465914474172354,
    4.194102476885835,
    5.434046942634659,
    3.4916513913065375,
    3.512252957521249,
    5.409743820508232,
    5.378786967517035,
    5.646428822702701,
    6.700439932183414,
    5.909928773259071,
    6.01572748258197,
    7.341616488193707,
    1.3567826131494694,
    0.7220880369808005,
    6.711273782559789,
    3.4272601474750712,
    3.5397399416304034,
    5.435467714440891,
    3.7072697812942694,
    3.672415916097319,
    6.692934357212717,
    4.481417803190762,
    4.243550161133683,
    6.703323942478626,
    5.735937657916519,
    5.752825486810993,
    6.708890887554508,
    5.1644492028362485,
    5.432847378435795,
    7.345523767097245,
    3.379690580901,
    3.455216603370117,
    7.959176018865458,
    5.9100503129471305,
    6.01584902227003,
    7.3417380278817665,
    5.224630148784666,
    5.151395791813885,
    7.34534611196284,
    5.037619228746825,
    5.11824070751938,
    7.945083629230492,
    5.094785984258365,
    4.83068153095282,
    6.697344077655698,
    2.7215529849421376,
    2.814102262137798,
    4.170765731172393,
    5.342360067730064,
    5.315476852697025,
    7.975009147565133,
    5.951670447219051,
    5.549973013352585,
    7.341759177323652,
    4.18085050877202,
    4.053848416498816,
    6.706720085845834,
    4.504666133997892,
    4.817074908016444,
    6.70527474778368,
    -4.521714384451967,
    -4.571073014906438,
    3.1526810746297746,
    -4.5110458551896455,
    -4.483381837222398,
    -0.8953504942314199,
    0.7787620965658513,
    0.9506646535119176,
    6.731644633885295,
    -0.47540344513819477,
    -0.47605908551286635,
    4.129577646928107,
    -2.2017857702616634,
    -2.8798531281184463,
    3.9951311046369975
  ],
  "penalty_history": {
    "trade_quality": [
      2.518635853884314,
      2.5362989138634022,
      2.5362989138634022,
      2.5362989138634022,
      2.518635853884314,
      2.518635853884314,
      2.518635853884314,
      2.5160516945510683,
      2.5160516945510683,
      2.5160516945510683,
      2.5623803945063344,
      2.5623803945063344,
      2.5623803945063344,
      2.504217797820447,
      2.504217797820447,
      2.504217797820447,
      2.532336342146511,
      2.532336342146511,
      2.532336342146511,
      2.5187416325930716,
      2.5187416325930716,
      2.5187416325930716,
      2.518507118591619,
      2.518507118591619,
      2.518507118591619,
      2.527604412582491,
      2.527604412582491,
      2.527604412582491,
      2.534283523021554,
      2.534283523021554,
      2.534283523021554,
      2.5253409104652262,
      2.5253409104652262,
      2.5253409104652262,
      2.519304988539006,
      2.519304988539006,
      2.519304988539006,
      2.5272465642097446,
      2.5272465642097446,
      2.5272465642097446,
      2.5316919469386443,
      2.5316919469386443,
      2.5316919469386443,
      2.527604412582491,
      2.527604412582491,
      2.527604412582491,
      2.523285641394278,
      2.523285641394278,
      2.523285641394278,
      2.5241920589399913,
      2.5241920589399913,
      2.5241920589399913,
      2.5209097800342297,
      2.5209097800342297,
      2.5209097800342297,
      2.5162678911406493,
      2.5162678911406493,
      2.5162678911406493,
      2.5191429356215935,
      2.5191429356215935,
      2.5191429356215935,
      2.520014129657236,
      2.520014129657236,
      2.520014129657236,
      2.5143363421465112,
      2.5143363421465112,
      2.5143363421465112,
      2.522253223092234,
      2.522253223092234,
      2.522253223092234,
      2.536032423484836,
      2.536032423484836,
      2.536032423484836,
      2.518278907947602,
      2.518278907947602,
      2.518278907947602,
      2.5201218935644603,
      2.5201218935644603,
      2.5201218935644603,
      2.5217610988347627,
      2.5217610988347627,
      2.5217610988347627,
      2.522948191512897,
      2.522948191512897,
      2.522948191512897,
      2.66594554744688,
      2.66594554744688,
      2.66594554744688,
      2.6478837516676488,
      2.6478837516676488,
      2.6478837516676488,
      2.5289474166615244,
      2.5289474166615244,
      2.5289474166615244,
      2.5826230535275716,
      2.5826230535275716,
      2.5826230535275716,
      2.6457781646757232,
      2.6457781646757232,
      2.6457781646757232
    ],
    "drawdown": [
      0.614654711584313,
      0.5661251915575028,
      0.5922006712634715,
      0.560897173262797,
      0.584806587731464,
      0.6274940856066632,
      0.5535449920362681,
      0.5634182346560624,
      0.6093751288715118,
      0.6094859908077641,
      0.5525794325803844,
      0.5578755921369282,
      0.5727144125100472,
      0.589491964033174,
      0.5892003626884293,
      0.5682414995014278,
      0.5511635404266593,
      0.546866167532397,
      0.5671031187036277,
      0.5904539484452267,
      0.5920273082269146,
      0.6132737528558836,
      0.5589070386158542,
      0.5876971478429533,
      0.5533323471631005,
      0.5992207098395361,
      0.5699556943320591,
      0.5885215737311258,
      0.58846432953382,
      0.6132345394251942,
      0.6076170185658961,
      0.5563151912759089,
      0.577122787036952,
      0.6252826813925219,
      0.5502672313562919,
      0.6258397821227548,
      0.5593502057182462,
      0.5579770218236199,
      0.5730764832669998,
      0.5541612349556401,
      0.5909399800799315,
      0.5840305206090008,
      0.5637097226775923,
      0.5439733660230537,
      0.5769754783956982,
      0.590909213454611,
      0.5654294857323193,
      0.5888874796111974,
      0.5707397340016696,
      0.5444460813671836,
      0.6274222924021897,
      0.6034771573111336,
      0.5512971009864597,
      0.5805422004622525,
      0.5645971884331461,
      0.60382317826585,
      0.5707735470115283,
      0.5795988262485045,
      0.6336614206253935,
      0.5761273752536579,
      0.5814785580493766,
      0.5435247973433979,
      0.5909206336830113,
      0.6048283207718994,
      0.5581097033288477,
      0.5742844778882805,
      0.6141501080290119,
      0.5941750215792329,
      0.605970284849098,
      0.5595077982833874,
      0.6350446733982574,
      0.6082233441054496,
      0.5500158965063762,
      0.5591571451227602,
      0.6086080695721321,
      0.5502628319288961,
      0.5457881036655645,
      0.6118317969364767,
      0.545515975714034,
      0.5670047520698871,
      0.5477501678147124,
      0.5978986463955923,
      0.5837367031468298,
      0.565982049798866,
      0.5641659574333383,
      0.5727651686008289,
      0.620572639711388,
      0.5475907941211153,
      0.5638663240709633,
      0.5733788299299892,
      0.5819956864229582,
      0.5532262852491997,
      0.5926219309665437,
      0.541657726661577,
      0.5996738409508948,
      0.5627947070385422,
      0.5724458977411684,
      0.5553824516932845,
      0.5743821803889604,
      0.5847095741677324
    ],